id,title,播放量,集号,v_id,target_id
t00306i1e62,都挺好_01,274672763,1,t00306i1e62,3753912718
x003061htl5,都挺好_02,111791063,2,x003061htl5,3753912717
b0030velala,都挺好_03,110552935,3,b0030velala,3756048900
w0030ilim7z,都挺好_04,104706360,4,w0030ilim7z,3757934960
i0030r7v63u,都挺好_05,104079124,5,i0030r7v63u,3757934962
z003044noq2,都挺好_06,97338709,6,z003044noq2,3760293414
m0030sfinyr,都挺好_07,91234657,7,m0030sfinyr,3760293415
c0030u884k7,都挺好_08,96612923,8,c0030u884k7,3762802593
k0030m5zbr7,都挺好_09,91060243,9,k0030m5zbr7,3762802776
l0030e5nglm,都挺好_10,94904476,10,l0030e5nglm,3765340216
h0030b060vn,都挺好_11,92608084,11,h0030b060vn,3765340217
j003090ci7w,都挺好_12,90846373,12,j003090ci7w,3767884776
n0030falyoi,都挺好_13,91799684,13,n0030falyoi,3767884775
s00308u9kwx,都挺好_14,88035413,14,s00308u9kwx,3770551596
p0030fohijf,都挺好_15,91335729,15,p0030fohijf,3770551595
g00303ob0cx,都挺好_16,98065348,16,g00303ob0cx,3772967919
v0030960y6n,都挺好_17,83224059,17,v0030960y6n,3775054499
x0030bl84xw,都挺好_18,87474650,18,x0030bl84xw,3775054500
v0030keuav1,都挺好_19,80997032,19,v0030keuav1,3777563688
t0030kups1i,都挺好_20,81033167,20,t0030kups1i,3777563690
n0030y2o52i,都挺好_21,76811045,21,n0030y2o52i,3780227847
x0030s52mev,都挺好_22,82694518,22,x0030s52mev,3780229825
d0030xuekgw,都挺好_23,81332368,23,d0030xuekgw,3782973232
o0030md1a2a,都挺好_24,81194600,24,o0030md1a2a,3782973233
x0030peo3sk,都挺好_25,81120729,25,x0030peo3sk,3785664564
d00303l5j4k,都挺好_26,89910398,26,d00303l5j4k,3785664565
t0030aexmnt,都挺好_27,85486062,27,t0030aexmnt,3788271005
a0030ybi45z,都挺好_28,92063920,28,a0030ybi45z,3788271006
y0030wpe2wu,都挺好_29,87270092,29,y0030wpe2wu,3790344704
t0030epjqsi,都挺好_30,79574511,30,t0030epjqsi,3791991493
g003035mi84,都挺好_31,87927445,31,g003035mi84,3791991492
n00301fxqbh,都挺好_32,75521557,32,n00301fxqbh,3793835013
h0030zivlrq,都挺好_33,81552761,33,h0030zivlrq,3793835015
d0030qc1yu2,都挺好_34,80353628,34,d0030qc1yu2,3795772279
m0030q9ywxj,都挺好_35,84024190,35,m0030q9ywxj,3795772278
h0030j0eq19,都挺好_36,75473632,36,h0030j0eq19,3797709435
j0030jks835,都挺好_37,81928188,37,j0030jks835,3797709434
a00308xw434,都挺好_38,77612365,38,a00308xw434,3799547942
l0030tb319m,都挺好_39,82083717,39,l0030tb319m,3799547943
x0030xogl32,都挺好_40,75514038,40,x0030xogl32,3801285951
g0030fju3w3,都挺好_41,90490431,41,g0030fju3w3,3801285952
a0030vrcww0,都挺好_42,91960490,42,a0030vrcww0,3803210594
l0030jzi1mi,都挺好_43,76391087,43,l0030jzi1mi,3804778697
c0030mq8yjr,都挺好_44,87475967,44,c0030mq8yjr,3804778696
u00302fdo8v,都挺好_45,77725264,45,u00302fdo8v,3806516197
a0030w9g57k,都挺好_46,98672926,46,a0030w9g57k,3806516195
